feature_name,fn,harmony,train_flag,type
Cells_AreaShape_Center_Y,Ce.AS.CenterY,X_1,1,Others
Cells_AreaShape_Compactness,Ce.AS.Compactness,X_2,1,Others
Cells_AreaShape_Extent,Ce.AS.Extent,X_3,1,Others
Cells_AreaShape_Orientation,Ce.AS.Orient,X_4,1,Others
Cells_AreaShape_Zernike_0_0,Ce.AS.Zernike.0.0,X_5,1,Others
Cells_AreaShape_Zernike_1_1,Ce.AS.Zernike.1.1,X_6,1,Others
Cells_AreaShape_Zernike_2_0,Ce.AS.Zernike.2.0,X_7,1,Others
Cells_AreaShape_Zernike_2_2,Ce.AS.Zernike.2.2,X_8,1,Others
Cells_AreaShape_Zernike_3_1,Ce.AS.Zernike.3.1,X_9,1,Others
Cells_AreaShape_Zernike_4_0,Ce.AS.Zernike.4.0,X_10,1,Others
Cells_AreaShape_Zernike_4_2,Ce.AS.Zernike.4.2,X_11,1,Others
Cells_AreaShape_Zernike_4_4,Ce.AS.Zernike.4.4,X_12,1,Others
Cells_AreaShape_Zernike_5_1,Ce.AS.Zernike.5.1,X_13,1,Others
Cells_AreaShape_Zernike_5_3,Ce.AS.Zernike.5.3,X_14,1,Others
Cells_AreaShape_Zernike_6_0,Ce.AS.Zernike.6.0,X_15,1,Others
Cells_AreaShape_Zernike_6_2,Ce.AS.Zernike.6.2,X_16,1,Others
Cells_AreaShape_Zernike_6_4,Ce.AS.Zernike.6.4,X_17,1,Others
Cells_AreaShape_Zernike_7_1,Ce.AS.Zernike.7.1,X_18,1,Others
Cells_AreaShape_Zernike_7_3,Ce.AS.Zernike.7.3,X_19,1,Others
Cells_AreaShape_Zernike_7_5,Ce.AS.Zernike.7.5,X_20,1,Others
Cells_AreaShape_Zernike_8_0,Ce.AS.Zernike.8.0,X_21,1,Others
Cells_AreaShape_Zernike_8_2,Ce.AS.Zernike.8.2,X_22,1,Others
Cells_AreaShape_Zernike_8_4,Ce.AS.Zernike.8.4,X_23,1,Others
Cells_AreaShape_Zernike_9_1,Ce.AS.Zernike.9.1,X_24,1,Others
Cells_AreaShape_Zernike_9_3,Ce.AS.Zernike.9.3,X_25,1,Others
Cells_AreaShape_Zernike_9_5,Ce.AS.Zernike.9.5,X_26,1,Others
Cells_AreaShape_Zernike_9_7,Ce.AS.Zernike.9.7,X_27,1,Others
Cells_Correlation_Correlation_AGP_DNA,Ce.Corr.AGP.DNA,X_28,1,Others
Cells_Correlation_Correlation_AGP_ER,Ce.Corr.AGP.ER,X_29,1,Others
Cells_Correlation_Correlation_AGP_Mito,Ce.Corr.AGP.Mito,X_30,1,Others
Cells_Correlation_Correlation_DNA_ER,Ce.Corr.DNA.ER,X_31,1,Others
Cells_Correlation_Correlation_DNA_Mito,Ce.Corr.DNA.Mito,X_32,1,Others
Cells_Correlation_Correlation_DNA_RNA,Ce.Corr.DNA.RNA,X_33,1,Others
Cells_Correlation_Correlation_ER_Mito,Ce.Corr.ER.Mito,X_34,1,Others
Cells_Correlation_Correlation_Mito_RNA,Ce.Corr.Mito.RNA,X_35,1,Others
Cells_Correlation_K_AGP_DNA,Ce.Corr.K.AGP.DNA,X_36,1,Others
Cells_Correlation_K_DNA_AGP,Ce.Corr.K.DNA.AGP,X_37,1,Others
Cells_Correlation_K_DNA_ER,Ce.Corr.K.DNA.ER,X_38,1,Others
Cells_Correlation_K_DNA_Mito,Ce.Corr.K.DNA.Mito,X_39,1,Others
Cells_Correlation_K_DNA_RNA,Ce.Corr.K.DNA.RNA,X_40,1,Others
Cells_Correlation_K_ER_DNA,Ce.Corr.K.ER.DNA,X_41,1,Others
Cells_Correlation_K_Mito_DNA,Ce.Corr.K.Mito.DNA,X_42,1,Others
Cells_Correlation_K_RNA_DNA,Ce.Corr.K.RNA.DNA,X_43,1,Others
Cells_Correlation_RWC_AGP_DNA,Ce.Corr.RWC.AGP.DNA,X_44,1,Others
Cells_Correlation_RWC_AGP_ER,Ce.Corr.RWC.AGP.ER,X_45,1,Others
Cells_Correlation_RWC_AGP_Mito,Ce.Corr.RWC.AGP.Mito,X_46,1,Others
Cells_Correlation_RWC_AGP_RNA,Ce.Corr.RWC.AGP.RNA,X_47,1,Others
Cells_Correlation_RWC_DNA_AGP,Ce.Corr.RWC.DNA.AGP,X_48,1,Others
Cells_Correlation_RWC_DNA_Mito,Ce.Corr.RWC.DNA.Mito,X_49,1,Others
Cells_Correlation_RWC_ER_DNA,Ce.Corr.RWC.ER.DNA,X_50,1,Others
Cells_Correlation_RWC_ER_Mito,Ce.Corr.RWC.ER.Mito,X_51,1,Others
Cells_Correlation_RWC_Mito_DNA,Ce.Corr.RWC.Mito.DNA,X_52,1,Others
Cells_Correlation_RWC_Mito_ER,Ce.Corr.RWC.Mito.ER,X_53,1,Others
Cells_Correlation_RWC_RNA_DNA,Ce.Corr.RWC.RNA.DNA,X_54,1,Others
Cells_Correlation_RWC_RNA_Mito,Ce.Corr.RWC.RNA.Mito,X_55,1,Others
Cells_Granularity_10_DNA,Ce.Granu.10_DNA,X_56,1,DNA
Cells_Granularity_14_DNA,Ce.Granu.14_DNA,X_57,1,DNA
Cells_Granularity_16_AGP,Ce.Granu.16_AGP,X_58,1,AGP
Cells_Granularity_1_DNA,Ce.Granu.1_DNA,X_59,1,DNA
Cells_Granularity_2_AGP,Ce.Granu.2_AGP,X_60,1,AGP
Cells_Granularity_2_ER,Ce.Granu.2_ER,X_61,1,ER
Cells_Granularity_2_RNA,Ce.Granu.2_RNA,X_62,1,RNA
Cells_Granularity_3_AGP,Ce.Granu.3_AGP,X_63,1,AGP
Cells_Granularity_3_ER,Ce.Granu.3_ER,X_64,1,ER
Cells_Granularity_3_RNA,Ce.Granu.3_RNA,X_65,1,RNA
Cells_Granularity_4_AGP,Ce.Granu.4_AGP,X_66,1,AGP
Cells_Granularity_4_ER,Ce.Granu.4_ER,X_67,1,ER
Cells_Granularity_4_RNA,Ce.Granu.4_RNA,X_68,1,RNA
Cells_Granularity_5_AGP,Ce.Granu.5_AGP,X_69,1,AGP
Cells_Granularity_5_ER,Ce.Granu.5_ER,X_70,1,ER
Cells_Granularity_6_AGP,Ce.Granu.6_AGP,X_71,1,AGP
Cells_Granularity_7_DNA,Ce.Granu.7_DNA,X_72,1,DNA
Cells_Granularity_8_DNA,Ce.Granu.8_DNA,X_73,1,DNA
Cells_Granularity_9_DNA,Ce.Granu.9_DNA,X_74,1,DNA
Cells_Granularity_9_ER,Ce.Granu.9_ER,X_75,1,ER
Cells_Intensity_IntegratedIntensityEdge_AGP,Ce.Intens.IntegEdge_AGP,X_76,1,AGP
Cells_Intensity_IntegratedIntensityEdge_DNA,Ce.Intens.IntegEdge_DNA,X_77,1,DNA
Cells_Intensity_IntegratedIntensityEdge_ER,Ce.Intens.IntegEdge_ER,X_78,1,ER
Cells_Intensity_IntegratedIntensityEdge_Mito,Ce.Intens.IntegEdge_Mito,X_79,1,Mito
Cells_Intensity_IntegratedIntensityEdge_RNA,Ce.Intens.IntegEdge_RNA,X_80,1,RNA
Cells_Intensity_IntegratedIntensity_DNA,Ce.Intens.Integ_DNA,X_81,1,DNA
Cells_Intensity_MADIntensity_DNA,Ce.Intens.MAD_DNA,X_82,1,DNA
Cells_Intensity_MADIntensity_ER,Ce.Intens.MAD_ER,X_83,1,ER
Cells_Intensity_MassDisplacement_AGP,Ce.Intens.MassDisp_AGP,X_84,1,AGP
Cells_Intensity_MassDisplacement_DNA,Ce.Intens.MassDisp_DNA,X_85,1,DNA
Cells_Intensity_MaxIntensityEdge_AGP,Ce.Intens.MaxEdge_AGP,X_86,1,AGP
Cells_Intensity_MaxIntensityEdge_DNA,Ce.Intens.MaxEdge_DNA,X_87,1,DNA
Cells_Intensity_MaxIntensityEdge_ER,Ce.Intens.MaxEdge_ER,X_88,1,ER
Cells_Intensity_MaxIntensityEdge_Mito,Ce.Intens.MaxEdge_Mito,X_89,1,Mito
Cells_Intensity_MaxIntensityEdge_RNA,Ce.Intens.MaxEdge_RNA,X_90,1,RNA
Cells_Intensity_MeanIntensityEdge_AGP,Ce.Intens.MeanEdge_AGP,X_91,1,AGP
Cells_Intensity_MeanIntensityEdge_DNA,Ce.Intens.MeanEdge_DNA,X_92,1,DNA
Cells_Intensity_MeanIntensity_DNA,Ce.Intens.Mean_DNA,X_93,1,DNA
Cells_Intensity_MinIntensity_AGP,Ce.Intens.Min_AGP,X_94,1,AGP
Cells_Intensity_StdIntensityEdge_AGP,Ce.Intens.StdEdge_AGP,X_95,1,AGP
Cells_Intensity_UpperQuartileIntensity_DNA,Ce.Intens.UpperQuart.DNA,X_96,1,DNA
Cells_Neighbors_PercentTouching_Adjacent,Ce.Neigh.PctTouch.Adj,X_97,1,Others
Cells_RadialDistribution_FracAtD_AGP_1of4,Ce.RadDist.FracAtD.1/4_AGP,X_98,1,AGP
Cells_RadialDistribution_FracAtD_AGP_3of4,Ce.RadDist.FracAtD.3/4_AGP,X_99,1,AGP
Cells_RadialDistribution_FracAtD_AGP_4of4,Ce.RadDist.FracAtD.4/4_AGP,X_100,1,AGP
Cells_RadialDistribution_FracAtD_DNA_2of4,Ce.RadDist.FracAtD.2/4_DNA,X_101,1,DNA
Cells_RadialDistribution_FracAtD_DNA_3of4,Ce.RadDist.FracAtD.3/4_DNA,X_102,1,DNA
Cells_RadialDistribution_FracAtD_DNA_4of4,Ce.RadDist.FracAtD.4/4_DNA,X_103,1,DNA
Cells_RadialDistribution_FracAtD_ER_2of4,Ce.RadDist.FracAtD.2/4_ER,X_104,1,ER
Cells_RadialDistribution_FracAtD_ER_3of4,Ce.RadDist.FracAtD.3/4_ER,X_105,1,ER
Cells_RadialDistribution_FracAtD_ER_4of4,Ce.RadDist.FracAtD.4/4_ER,X_106,1,ER
Cells_RadialDistribution_FracAtD_Mito_2of4,Ce.RadDist.FracAtD.2/4_Mito,X_107,1,Mito
Cells_RadialDistribution_FracAtD_Mito_3of4,Ce.RadDist.FracAtD.3/4_Mito,X_108,1,Mito
Cells_RadialDistribution_FracAtD_Mito_4of4,Ce.RadDist.FracAtD.4/4_Mito,X_109,1,Mito
Cells_RadialDistribution_FracAtD_mito_tubeness_12of16,Ce.RadDist.FracAtD.12/16_Mito,X_110,1,Mito
Cells_RadialDistribution_FracAtD_mito_tubeness_13of20,Ce.RadDist.FracAtD.13/20_Mito,X_111,1,Mito
Cells_RadialDistribution_FracAtD_mito_tubeness_14of20,Ce.RadDist.FracAtD.14/20_Mito,X_112,1,Mito
Cells_RadialDistribution_FracAtD_mito_tubeness_19of20,Ce.RadDist.FracAtD.19/20_Mito,X_113,1,Mito
Cells_RadialDistribution_FracAtD_mito_tubeness_1of16,Ce.RadDist.FracAtD.1/16_Mito,X_114,1,Mito
Cells_RadialDistribution_FracAtD_mito_tubeness_20of20,Ce.RadDist.FracAtD.20/20_Mito,X_115,1,Mito
Cells_RadialDistribution_FracAtD_mito_tubeness_2of20,Ce.RadDist.FracAtD.2/20_Mito,X_116,1,Mito
Cells_RadialDistribution_MeanFrac_AGP_1of4,Ce.RadDist.MeanFrac.1/4_AGP,X_117,1,AGP
Cells_RadialDistribution_MeanFrac_AGP_3of4,Ce.RadDist.MeanFrac.3/4_AGP,X_118,1,AGP
Cells_RadialDistribution_MeanFrac_AGP_4of4,Ce.RadDist.MeanFrac.4/4_AGP,X_119,1,AGP
Cells_RadialDistribution_MeanFrac_DNA_2of4,Ce.RadDist.MeanFrac.2/4_DNA,X_120,1,DNA
Cells_RadialDistribution_MeanFrac_DNA_3of4,Ce.RadDist.MeanFrac.3/4_DNA,X_121,1,DNA
Cells_RadialDistribution_MeanFrac_ER_2of4,Ce.RadDist.MeanFrac.2/4_ER,X_122,1,ER
Cells_RadialDistribution_MeanFrac_ER_3of4,Ce.RadDist.MeanFrac.3/4_ER,X_123,1,ER
Cells_RadialDistribution_MeanFrac_Mito_2of4,Ce.RadDist.MeanFrac.2/4_Mito,X_124,1,Mito
Cells_RadialDistribution_MeanFrac_Mito_3of4,Ce.RadDist.MeanFrac.3/4_Mito,X_125,1,Mito
Cells_RadialDistribution_MeanFrac_Mito_4of4,Ce.RadDist.MeanFrac.4/4_Mito,X_126,1,Mito
Cells_RadialDistribution_MeanFrac_mito_tubeness_16of20,Ce.RadDist.MeanFrac.16/20_Mito,X_127,1,Mito
Cells_RadialDistribution_MeanFrac_mito_tubeness_1of20,Ce.RadDist.MeanFrac.1/20_Mito,X_128,1,Mito
Cells_RadialDistribution_MeanFrac_mito_tubeness_20of20,Ce.RadDist.MeanFrac.20/20_Mito,X_129,1,Mito
Cells_RadialDistribution_RadialCV_AGP_1of4,Ce.RadDist.RadialCV.1/4_AGP,X_130,1,AGP
Cells_RadialDistribution_RadialCV_AGP_2of4,Ce.RadDist.RadialCV.2/4_AGP,X_131,1,AGP
Cells_RadialDistribution_RadialCV_AGP_3of4,Ce.RadDist.RadialCV.3/4_AGP,X_132,1,AGP
Cells_RadialDistribution_RadialCV_AGP_4of4,Ce.RadDist.RadialCV.4/4_AGP,X_133,1,AGP
Cells_RadialDistribution_RadialCV_DNA_1of4,Ce.RadDist.RadialCV.1/4_DNA,X_134,1,DNA
Cells_RadialDistribution_RadialCV_DNA_3of4,Ce.RadDist.RadialCV.3/4_DNA,X_135,1,DNA
Cells_RadialDistribution_RadialCV_DNA_4of4,Ce.RadDist.RadialCV.4/4_DNA,X_136,1,DNA
Cells_RadialDistribution_RadialCV_ER_1of4,Ce.RadDist.RadialCV.1/4_ER,X_137,1,ER
Cells_RadialDistribution_RadialCV_ER_2of4,Ce.RadDist.RadialCV.2/4_ER,X_138,1,ER
Cells_RadialDistribution_RadialCV_ER_4of4,Ce.RadDist.RadialCV.4/4_ER,X_139,1,ER
Cells_RadialDistribution_RadialCV_Mito_1of4,Ce.RadDist.RadialCV.1/4_Mito,X_140,1,Mito
Cells_RadialDistribution_RadialCV_Mito_4of4,Ce.RadDist.RadialCV.4/4_Mito,X_141,1,Mito
Cells_RadialDistribution_RadialCV_RNA_1of4,Ce.RadDist.RadialCV.1/4_RNA,X_142,1,RNA
Cells_RadialDistribution_RadialCV_RNA_2of4,Ce.RadDist.RadialCV.2/4_RNA,X_143,1,RNA
Cells_RadialDistribution_RadialCV_mito_tubeness_10of16,Ce.RadDist.RadialCV.10/16_Mito,X_144,1,Mito
Cells_RadialDistribution_RadialCV_mito_tubeness_12of16,Ce.RadDist.RadialCV.12/16_Mito,X_145,1,Mito
Cells_RadialDistribution_RadialCV_mito_tubeness_15of16,Ce.RadDist.RadialCV.15/16_Mito,X_146,1,Mito
Cells_RadialDistribution_RadialCV_mito_tubeness_16of20,Ce.RadDist.RadialCV.16/20_Mito,X_147,1,Mito
Cells_RadialDistribution_RadialCV_mito_tubeness_17of20,Ce.RadDist.RadialCV.17/20_Mito,X_148,1,Mito
Cells_RadialDistribution_RadialCV_mito_tubeness_1of16,Ce.RadDist.RadialCV.1/16_Mito,X_149,1,Mito
Cells_RadialDistribution_RadialCV_mito_tubeness_1of20,Ce.RadDist.RadialCV.1/20_Mito,X_150,1,Mito
Cells_RadialDistribution_RadialCV_mito_tubeness_20of20,Ce.RadDist.RadialCV.20/20_Mito,X_151,1,Mito
Cells_RadialDistribution_RadialCV_mito_tubeness_2of16,Ce.RadDist.RadialCV.2/16_Mito,X_152,1,Mito
Cells_RadialDistribution_RadialCV_mito_tubeness_2of20,Ce.RadDist.RadialCV.2/20_Mito,X_153,1,Mito
Cells_RadialDistribution_RadialCV_mito_tubeness_3of16,Ce.RadDist.RadialCV.3/16_Mito,X_154,1,Mito
Cells_RadialDistribution_RadialCV_mito_tubeness_3of20,Ce.RadDist.RadialCV.3/20_Mito,X_155,1,Mito
Cells_RadialDistribution_RadialCV_mito_tubeness_5of16,Ce.RadDist.RadialCV.5/16_Mito,X_156,1,Mito
Cells_RadialDistribution_RadialCV_mito_tubeness_5of20,Ce.RadDist.RadialCV.5/20_Mito,X_157,1,Mito
Cells_RadialDistribution_RadialCV_mito_tubeness_8of16,Ce.RadDist.RadialCV.8/16_Mito,X_158,1,Mito
Cells_RadialDistribution_RadialCV_mito_tubeness_9of16,Ce.RadDist.RadialCV.9/16_Mito,X_159,1,Mito
Cells_RadialDistribution_RadialCV_mito_tubeness_9of20,Ce.RadDist.RadialCV.9/20_Mito,X_160,1,Mito
Cells_Texture_Contrast_DNA_5_02_256,Ce.Tex.Contrast.5.02.256_DNA,X_161,1,DNA
Cells_Texture_Correlation_AGP_10_00_256,Ce.Tex.Corr.10.00.256_AGP,X_162,1,AGP
Cells_Texture_Correlation_AGP_10_01_256,Ce.Tex.Corr.10.01.256_AGP,X_163,1,AGP
Cells_Texture_Correlation_AGP_10_02_256,Ce.Tex.Corr.10.02.256_AGP,X_164,1,AGP
Cells_Texture_Correlation_AGP_10_03_256,Ce.Tex.Corr.10.03.256_AGP,X_165,1,AGP
Cells_Texture_Correlation_DNA_10_00_256,Ce.Tex.Corr.10.00.256_DNA,X_166,1,DNA
Cells_Texture_Correlation_DNA_10_01_256,Ce.Tex.Corr.10.01.256_DNA,X_167,1,DNA
Cells_Texture_Correlation_DNA_10_02_256,Ce.Tex.Corr.10.02.256_DNA,X_168,1,DNA
Cells_Texture_Correlation_DNA_10_03_256,Ce.Tex.Corr.10.03.256_DNA,X_169,1,DNA
Cells_Texture_Correlation_DNA_3_01_256,Ce.Tex.Corr.3.01.256_DNA,X_170,1,DNA
Cells_Texture_Correlation_DNA_3_03_256,Ce.Tex.Corr.3.03.256_DNA,X_171,1,DNA
Cells_Texture_Correlation_ER_10_00_256,Ce.Tex.Corr.10.00.256_ER,X_172,1,ER
Cells_Texture_Correlation_ER_10_02_256,Ce.Tex.Corr.10.02.256_ER,X_173,1,ER
Cells_Texture_Correlation_Mito_10_00_256,Ce.Tex.Corr.10.00.256_Mito,X_174,1,Mito
Cells_Texture_Correlation_Mito_10_01_256,Ce.Tex.Corr.10.01.256_Mito,X_175,1,Mito
Cells_Texture_Correlation_Mito_10_02_256,Ce.Tex.Corr.10.02.256_Mito,X_176,1,Mito
Cells_Texture_Correlation_Mito_10_03_256,Ce.Tex.Corr.10.03.256_Mito,X_177,1,Mito
Cells_Texture_Correlation_RNA_10_00_256,Ce.Tex.Corr.10.00.256_RNA,X_178,1,RNA
Cells_Texture_Correlation_RNA_10_01_256,Ce.Tex.Corr.10.01.256_RNA,X_179,1,RNA
Cells_Texture_Correlation_RNA_10_02_256,Ce.Tex.Corr.10.02.256_RNA,X_180,1,RNA
Cells_Texture_Correlation_RNA_10_03_256,Ce.Tex.Corr.10.03.256_RNA,X_181,1,RNA
Cells_Texture_DifferenceVariance_DNA_10_01_256,Ce.Tex.DiffVar.10.01.256_DNA,X_182,1,DNA
Cells_Texture_Entropy_DNA_10_03_256,Ce.Tex_Entr.10.03.256_DNA,X_183,1,DNA
Cells_Texture_InfoMeas1_AGP_10_00_256,Ce.Tex.InfoMeas1.10.00.256_AGP,X_184,1,AGP
Cells_Texture_InfoMeas1_AGP_10_02_256,Ce.Tex.InfoMeas1.10.02.256_AGP,X_185,1,AGP
Cells_Texture_InfoMeas1_AGP_10_03_256,Ce.Tex.InfoMeas1.10.03.256_AGP,X_186,1,AGP
Cells_Texture_InfoMeas1_AGP_3_00_256,Ce.Tex.InfoMeas1.3.00.256_AGP,X_187,1,AGP
Cells_Texture_InfoMeas1_AGP_3_01_256,Ce.Tex.InfoMeas1.3.01.256_AGP,X_188,1,AGP
Cells_Texture_InfoMeas1_AGP_3_03_256,Ce.Tex.InfoMeas1.3.03.256_AGP,X_189,1,AGP
Cells_Texture_InfoMeas1_DNA_10_00_256,Ce.Tex.InfoMeas1.10.00.256_DNA,X_190,1,DNA
Cells_Texture_InfoMeas1_DNA_10_01_256,Ce.Tex.InfoMeas1.10.01.256_DNA,X_191,1,DNA
Cells_Texture_InfoMeas1_DNA_10_02_256,Ce.Tex.InfoMeas1.10.02.256_DNA,X_192,1,DNA
Cells_Texture_InfoMeas1_DNA_10_03_256,Ce.Tex.InfoMeas1.10.03.256_DNA,X_193,1,DNA
Cells_Texture_InfoMeas1_DNA_3_02_256,Ce.Tex.InfoMeas1.3.02.256_DNA,X_194,1,DNA
Cells_Texture_InfoMeas1_DNA_5_01_256,Ce.Tex.InfoMeas1.5.01.256_DNA,X_195,1,DNA
Cells_Texture_InfoMeas1_DNA_5_03_256,Ce.Tex.InfoMeas1.5.03.256_DNA,X_196,1,DNA
Cells_Texture_InfoMeas1_ER_10_00_256,Ce.Tex.InfoMeas1.10.00.256_ER,X_197,1,ER
Cells_Texture_InfoMeas1_ER_10_01_256,Ce.Tex.InfoMeas1.10.01.256_ER,X_198,1,ER
Cells_Texture_InfoMeas1_ER_10_02_256,Ce.Tex.InfoMeas1.10.02.256_ER,X_199,1,ER
Cells_Texture_InfoMeas1_ER_10_03_256,Ce.Tex.InfoMeas1.10.03.256_ER,X_200,1,ER
Cells_Texture_InfoMeas1_ER_5_03_256,Ce.Tex.InfoMeas1.5.03.256_ER,X_201,1,ER
Cells_Texture_InfoMeas1_Mito_10_00_256,Ce.Tex.InfoMeas1.10.00.256_Mito,X_202,1,Mito
Cells_Texture_InfoMeas1_Mito_10_01_256,Ce.Tex.InfoMeas1.10.01.256_Mito,X_203,1,Mito
Cells_Texture_InfoMeas1_Mito_10_02_256,Ce.Tex.InfoMeas1.10.02.256_Mito,X_204,1,Mito
Cells_Texture_InfoMeas1_Mito_10_03_256,Ce.Tex.InfoMeas1.10.03.256_Mito,X_205,1,Mito
Cells_Texture_InfoMeas1_RNA_10_00_256,Ce.Tex.InfoMeas1.10.00.256_RNA,X_206,1,RNA
Cells_Texture_InfoMeas1_RNA_10_01_256,Ce.Tex.InfoMeas1.10.01.256_RNA,X_207,1,RNA
Cells_Texture_InfoMeas1_RNA_10_02_256,Ce.Tex.InfoMeas1.10.02.256_RNA,X_208,1,RNA
Cells_Texture_InfoMeas1_RNA_10_03_256,Ce.Tex.InfoMeas1.10.03.256_RNA,X_209,1,RNA
Cells_Texture_InfoMeas1_RNA_5_01_256,Ce.Tex.InfoMeas1.5.01.256_RNA,X_210,1,RNA
Cells_Texture_InfoMeas2_DNA_10_03_256,Ce.Tex.InfoMeas2.10.03.256_DNA,X_211,1,DNA
Cells_Texture_InfoMeas2_DNA_5_03_256,Ce.Tex.InfoMeas2.5.03.256_DNA,X_212,1,DNA
Cells_Texture_InfoMeas2_ER_10_03_256,Ce.Tex.InfoMeas2.10.03.256_ER,X_213,1,ER
Cells_Texture_InfoMeas2_ER_3_01_256,Ce.Tex.InfoMeas2.3.01.256_ER,X_214,1,ER
Cells_Texture_InfoMeas2_Mito_3_01_256,Ce.Tex.InfoMeas2.3.01.256_Mito,X_215,1,Mito
Cells_Texture_InfoMeas2_RNA_10_03_256,Ce.Tex.InfoMeas2.10.03.256_RNA,X_216,1,RNA
Cells_Texture_InfoMeas2_RNA_3_02_256,Ce.Tex.InfoMeas2.3.02.256_RNA,X_217,1,RNA
Cells_Texture_InverseDifferenceMoment_ER_10_01_256,Ce.Tex.IDM.10.01.256_ER,X_218,1,ER
Cytoplasm_AreaShape_Compactness,Cy.AS.Compactness,X_219,1,Others
Cytoplasm_AreaShape_Eccentricity,Cy.AS.Eccentricity,X_220,1,Others
Cytoplasm_AreaShape_EulerNumber,Cy.AS.EulerNumber,X_221,1,Others
Cytoplasm_AreaShape_Extent,Cy.AS.Extent,X_222,1,Others
Cytoplasm_AreaShape_MajorAxisLength,Cy.AS.MajorAxisLength,X_223,1,Others
Cytoplasm_AreaShape_Zernike_0_0,Cy.AS.Zernike.0.0,X_224,1,Others
Cytoplasm_AreaShape_Zernike_1_1,Cy.AS.Zernike.1.1,X_225,1,Others
Cytoplasm_AreaShape_Zernike_2_0,Cy.AS.Zernike.2.0,X_226,1,Others
Cytoplasm_AreaShape_Zernike_2_2,Cy.AS.Zernike.2.2,X_227,1,Others
Cytoplasm_AreaShape_Zernike_3_1,Cy.AS.Zernike.3.1,X_228,1,Others
Cytoplasm_AreaShape_Zernike_3_3,Cy.AS.Zernike.3.3,X_229,1,Others
Cytoplasm_AreaShape_Zernike_4_0,Cy.AS.Zernike.4.0,X_230,1,Others
Cytoplasm_AreaShape_Zernike_4_2,Cy.AS.Zernike.4.2,X_231,1,Others
Cytoplasm_AreaShape_Zernike_4_4,Cy.AS.Zernike.4.4,X_232,1,Others
Cytoplasm_AreaShape_Zernike_5_1,Cy.AS.Zernike.5.1,X_233,1,Others
Cytoplasm_AreaShape_Zernike_5_3,Cy.AS.Zernike.5.3,X_234,1,Others
Cytoplasm_AreaShape_Zernike_5_5,Cy.AS.Zernike.5.5,X_235,1,Others
Cytoplasm_AreaShape_Zernike_6_0,Cy.AS.Zernike.6.0,X_236,1,Others
Cytoplasm_AreaShape_Zernike_6_2,Cy.AS.Zernike.6.2,X_237,1,Others
Cytoplasm_AreaShape_Zernike_6_4,Cy.AS.Zernike.6.4,X_238,1,Others
Cytoplasm_AreaShape_Zernike_6_6,Cy.AS.Zernike.6.6,X_239,1,Others
Cytoplasm_AreaShape_Zernike_7_1,Cy.AS.Zernike.7.1,X_240,1,Others
Cytoplasm_AreaShape_Zernike_7_3,Cy.AS.Zernike.7.3,X_241,1,Others
Cytoplasm_AreaShape_Zernike_7_5,Cy.AS.Zernike.7.5,X_242,1,Others
Cytoplasm_AreaShape_Zernike_7_7,Cy.AS.Zernike.7.7,X_243,1,Others
Cytoplasm_AreaShape_Zernike_8_0,Cy.AS.Zernike.8.0,X_244,1,Others
Cytoplasm_AreaShape_Zernike_8_2,Cy.AS.Zernike.8.2,X_245,1,Others
Cytoplasm_AreaShape_Zernike_8_4,Cy.AS.Zernike.8.4,X_246,1,Others
Cytoplasm_AreaShape_Zernike_8_6,Cy.AS.Zernike.8.6,X_247,1,Others
Cytoplasm_AreaShape_Zernike_8_8,Cy.AS.Zernike.8.8,X_248,1,Others
Cytoplasm_AreaShape_Zernike_9_1,Cy.AS.Zernike.9.1,X_249,1,Others
Cytoplasm_AreaShape_Zernike_9_3,Cy.AS.Zernike.9.3,X_250,1,Others
Cytoplasm_AreaShape_Zernike_9_5,Cy.AS.Zernike.9.5,X_251,1,Others
Cytoplasm_AreaShape_Zernike_9_9,Cy.AS.Zernike.9.9,X_252,1,Others
Cytoplasm_Correlation_Correlation_AGP_DNA,Cy.Corr.AGP.DNA,X_253,1,Others
Cytoplasm_Correlation_Correlation_AGP_RNA,Cy.Corr.AGP.RNA,X_254,1,Others
Cytoplasm_Correlation_Correlation_DNA_ER,Cy.Corr.DNA.ER,X_255,1,Others
Cytoplasm_Correlation_Correlation_DNA_Mito,Cy.Corr.DNA.Mito,X_256,1,Others
Cytoplasm_Correlation_Correlation_DNA_RNA,Cy.Corr.DNA.RNA,X_257,1,Others
Cytoplasm_Correlation_Correlation_ER_Mito,Cy.Corr.ER.Mito,X_258,1,Others
Cytoplasm_Correlation_K_AGP_DNA,Cy.Corr.K.AGP.DNA,X_259,1,Others
Cytoplasm_Correlation_K_AGP_ER,Cy.Corr.K.AGP.ER,X_260,1,Others
Cytoplasm_Correlation_K_AGP_Mito,Cy.Corr.K.AGP.Mito,X_261,1,Others
Cytoplasm_Correlation_K_AGP_RNA,Cy.Corr.K.AGP.RNA,X_262,1,Others
Cytoplasm_Correlation_K_DNA_AGP,Cy.Corr.K.DNA.AGP,X_263,1,Others
Cytoplasm_Correlation_K_DNA_ER,Cy.Corr.K.DNA.ER,X_264,1,Others
Cytoplasm_Correlation_K_DNA_Mito,Cy.Corr.K.DNA.Mito,X_265,1,Others
Cytoplasm_Correlation_K_DNA_RNA,Cy.Corr.K.DNA.RNA,X_266,1,Others
Cytoplasm_Correlation_K_ER_AGP,Cy.Corr.K.ER.AGP,X_267,1,Others
Cytoplasm_Correlation_K_ER_DNA,Cy.Corr.K.ER.DNA,X_268,1,Others
Cytoplasm_Correlation_K_ER_Mito,Cy.Corr.K.ER.Mito,X_269,1,Others
Cytoplasm_Correlation_K_Mito_DNA,Cy.Corr.K.Mito.DNA,X_270,1,Others
Cytoplasm_Correlation_K_Mito_ER,Cy.Corr.K.Mito.ER,X_271,1,Others
Cytoplasm_Correlation_K_RNA_AGP,Cy.Corr.K.RNA.AGP,X_272,1,Others
Cytoplasm_Correlation_K_RNA_DNA,Cy.Corr.K.RNA.DNA,X_273,1,Others
Cytoplasm_Correlation_Overlap_DNA_Mito,Cy.Corr.Overlap.DNA.Mito,X_274,1,Others
Cytoplasm_Correlation_RWC_AGP_DNA,Cy.Corr.RWC.AGP.DNA,X_275,1,Others
Cytoplasm_Correlation_RWC_DNA_AGP,Cy.Corr.RWC.DNA.AGP,X_276,1,Others
Cytoplasm_Correlation_RWC_DNA_ER,Cy.Corr.RWC.DNA.ER,X_277,1,Others
Cytoplasm_Correlation_RWC_DNA_Mito,Cy.Corr.RWC.DNA.Mito,X_278,1,Others
Cytoplasm_Correlation_RWC_DNA_RNA,Cy.Corr.RWC.DNA.RNA,X_279,1,Others
Cytoplasm_Correlation_RWC_ER_DNA,Cy.Corr.RWC.ER.DNA,X_280,1,Others
Cytoplasm_Correlation_RWC_Mito_AGP,Cy.Corr.RWC.Mito.AGP,X_281,1,Others
Cytoplasm_Correlation_RWC_Mito_DNA,Cy.Corr.RWC.Mito.DNA,X_282,1,Others
Cytoplasm_Correlation_RWC_RNA_DNA,Cy.Corr.RWC.RNA.DNA,X_283,1,Others
Cytoplasm_Correlation_RWC_RNA_Mito,Cy.Corr.RWC.RNA.Mito,X_284,1,Others
Cytoplasm_Granularity_10_AGP,Cy.Granu.10_AGP,X_285,1,AGP
Cytoplasm_Granularity_10_DNA,Cy.Granu.10_DNA,X_286,1,DNA
Cytoplasm_Granularity_10_RNA,Cy.Granu.10_RNA,X_287,1,RNA
Cytoplasm_Granularity_11_AGP,Cy.Granu.11_AGP,X_288,1,AGP
Cytoplasm_Granularity_11_DNA,Cy.Granu.11_DNA,X_289,1,DNA
Cytoplasm_Granularity_12_AGP,Cy.Granu.12_AGP,X_290,1,AGP
Cytoplasm_Granularity_13_AGP,Cy.Granu.13_AGP,X_291,1,AGP
Cytoplasm_Granularity_14_AGP,Cy.Granu.14_AGP,X_292,1,AGP
Cytoplasm_Granularity_15_AGP,Cy.Granu.15_AGP,X_293,1,AGP
Cytoplasm_Granularity_15_DNA,Cy.Granu.15_DNA,X_294,1,DNA
Cytoplasm_Granularity_1_AGP,Cy.Granu.1_AGP,X_295,1,AGP
Cytoplasm_Granularity_1_ER,Cy.Granu.1_ER,X_296,1,ER
Cytoplasm_Granularity_1_Mito,Cy.Granu.1_Mito,X_297,1,Mito
Cytoplasm_Granularity_2_DNA,Cy.Granu.2_DNA,X_298,1,DNA
Cytoplasm_Granularity_2_ER,Cy.Granu.2_ER,X_299,1,ER
Cytoplasm_Granularity_2_Mito,Cy.Granu.2_Mito,X_300,1,Mito
Cytoplasm_Granularity_2_RNA,Cy.Granu.2_RNA,X_301,1,RNA
Cytoplasm_Granularity_3_AGP,Cy.Granu.3_AGP,X_302,1,AGP
Cytoplasm_Granularity_3_DNA,Cy.Granu.3_DNA,X_303,1,DNA
Cytoplasm_Granularity_3_ER,Cy.Granu.3_ER,X_304,1,ER
Cytoplasm_Granularity_3_Mito,Cy.Granu.3_Mito,X_305,1,Mito
Cytoplasm_Granularity_3_RNA,Cy.Granu.3_RNA,X_306,1,RNA
Cytoplasm_Granularity_4_AGP,Cy.Granu.4_AGP,X_307,1,AGP
Cytoplasm_Granularity_4_DNA,Cy.Granu.4_DNA,X_308,1,DNA
Cytoplasm_Granularity_4_ER,Cy.Granu.4_ER,X_309,1,ER
Cytoplasm_Granularity_4_Mito,Cy.Granu.4_Mito,X_310,1,Mito
Cytoplasm_Granularity_4_RNA,Cy.Granu.4_RNA,X_311,1,RNA
Cytoplasm_Granularity_5_AGP,Cy.Granu.5_AGP,X_312,1,AGP
Cytoplasm_Granularity_5_DNA,Cy.Granu.5_DNA,X_313,1,DNA
Cytoplasm_Granularity_5_ER,Cy.Granu.5_ER,X_314,1,ER
Cytoplasm_Granularity_5_Mito,Cy.Granu.5_Mito,X_315,1,Mito
Cytoplasm_Granularity_5_RNA,Cy.Granu.5_RNA,X_316,1,RNA
Cytoplasm_Granularity_6_AGP,Cy.Granu.6_AGP,X_317,1,AGP
Cytoplasm_Granularity_6_DNA,Cy.Granu.6_DNA,X_318,1,DNA
Cytoplasm_Granularity_6_ER,Cy.Granu.6_ER,X_319,1,ER
Cytoplasm_Granularity_6_Mito,Cy.Granu.6_Mito,X_320,1,Mito
Cytoplasm_Granularity_6_RNA,Cy.Granu.6_RNA,X_321,1,RNA
Cytoplasm_Granularity_7_AGP,Cy.Granu.7_AGP,X_322,1,AGP
Cytoplasm_Granularity_7_DNA,Cy.Granu.7_DNA,X_323,1,DNA
Cytoplasm_Granularity_7_Mito,Cy.Granu.7_Mito,X_324,1,Mito
Cytoplasm_Granularity_8_AGP,Cy.Granu.8_AGP,X_325,1,AGP
Cytoplasm_Granularity_8_DNA,Cy.Granu.8_DNA,X_326,1,DNA
Cytoplasm_Granularity_8_Mito,Cy.Granu.8_Mito,X_327,1,Mito
Cytoplasm_Granularity_9_AGP,Cy.Granu.9_AGP,X_328,1,AGP
Cytoplasm_Granularity_9_DNA,Cy.Granu.9_DNA,X_329,1,DNA
Cytoplasm_Intensity_IntegratedIntensityEdge_DNA,Cy.Intens.IntegEdge_DNA,X_330,1,DNA
Cytoplasm_Intensity_IntegratedIntensityEdge_ER,Cy.Intens.IntegEdge_ER,X_331,1,ER
Cytoplasm_Intensity_IntegratedIntensity_AGP,Cy.Intens.Integ_AGP,X_332,1,AGP
Cytoplasm_Intensity_IntegratedIntensity_DNA,Cy.Intens.Integ_DNA,X_333,1,DNA
Cytoplasm_Intensity_IntegratedIntensity_ER,Cy.Intens.Integ_ER,X_334,1,ER
Cytoplasm_Intensity_IntegratedIntensity_Mito,Cy.Intens.Integ_Mito,X_335,1,Mito
Cytoplasm_Intensity_IntegratedIntensity_RNA,Cy.Intens.Integ_RNA,X_336,1,RNA
Cytoplasm_Intensity_LowerQuartileIntensity_DNA,Cy.Intens.LowerQuart_DNA,X_337,1,DNA
Cytoplasm_Intensity_LowerQuartileIntensity_ER,Cy.Intens.LowerQuart_ER,X_338,1,ER
Cytoplasm_Intensity_LowerQuartileIntensity_RNA,Cy.Intens.LowerQuart_RNA,X_339,1,RNA
Cytoplasm_Intensity_MADIntensity_DNA,Cy.Intens.MAD_DNA,X_340,1,DNA
Cytoplasm_Intensity_MADIntensity_ER,Cy.Intens.MAD_ER,X_341,1,ER
Cytoplasm_Intensity_MassDisplacement_DNA,Cy.Intens.MassDisp_DNA,X_342,1,DNA
Cytoplasm_Intensity_MassDisplacement_ER,Cy.Intens.MassDisp_ER,X_343,1,ER
Cytoplasm_Intensity_MassDisplacement_Mito,Cy.Intens.MassDisp_Mito,X_344,1,Mito
Cytoplasm_Intensity_MaxIntensity_AGP,Cy.Intens.MaxIntens_AGP,X_345,1,AGP
Cytoplasm_Intensity_MaxIntensity_ER,Cy.Intens.MaxIntens_ER,X_346,1,ER
Cytoplasm_Intensity_MaxIntensity_Mito,Cy.Intens.MaxIntens_Mito,X_347,1,Mito
Cytoplasm_Intensity_MeanIntensityEdge_DNA,Cy.Intens.MeanEdge_DNA,X_348,1,DNA
Cytoplasm_Intensity_MinIntensityEdge_ER,Cy.Intens.MinityEdge_ER,X_349,1,ER
Cytoplasm_Intensity_MinIntensityEdge_Mito,Cy.Intens.MinityEdge_Mito,X_350,1,Mito
Cytoplasm_Intensity_MinIntensityEdge_RNA,Cy.Intens.MinityEdge_RNA,X_351,1,RNA
Cytoplasm_Intensity_StdIntensityEdge_DNA,Cy.Intens.StdEdge_DNA,X_352,1,DNA
Cytoplasm_Intensity_StdIntensity_DNA,Cy.Intens.StdIntens.DNA,X_353,1,DNA
Cytoplasm_RadialDistribution_FracAtD_AGP_1of4,Cy.RadDist.FracAtD.1/4_AGP,X_354,1,AGP
Cytoplasm_RadialDistribution_FracAtD_DNA_1of4,Cy.RadDist.FracAtD.1/4_DNA,X_355,1,DNA
Cytoplasm_RadialDistribution_FracAtD_ER_3of4,Cy.RadDist.FracAtD.3/4_ER,X_356,1,ER
Cytoplasm_RadialDistribution_FracAtD_ER_4of4,Cy.RadDist.FracAtD.4/4_ER,X_357,1,ER
Cytoplasm_RadialDistribution_FracAtD_Mito_1of4,Cy.RadDist.FracAtD.1/4_Mito,X_358,1,Mito
Cytoplasm_RadialDistribution_FracAtD_mito_tubeness_10of16,Cy.RadDist.FracAtD.10/16_Mito,X_359,1,Mito
Cytoplasm_RadialDistribution_FracAtD_mito_tubeness_12of20,Cy.RadDist.FracAtD.12/20_Mito,X_360,1,Mito
Cytoplasm_RadialDistribution_FracAtD_mito_tubeness_13of16,Cy.RadDist.FracAtD.13/16_Mito,X_361,1,Mito
Cytoplasm_RadialDistribution_FracAtD_mito_tubeness_15of16,Cy.RadDist.FracAtD.15/16_Mito,X_362,1,Mito
Cytoplasm_RadialDistribution_FracAtD_mito_tubeness_15of20,Cy.RadDist.FracAtD.15/20_Mito,X_363,1,Mito
Cytoplasm_RadialDistribution_FracAtD_mito_tubeness_17of20,Cy.RadDist.FracAtD.17/20_Mito,X_364,1,Mito
Cytoplasm_RadialDistribution_FracAtD_mito_tubeness_20of20,Cy.RadDist.FracAtD.20/20_Mito,X_365,1,Mito
Cytoplasm_RadialDistribution_MeanFrac_AGP_1of4,Cy.RadDist.MeanFrac.1/4_AGP,X_366,1,AGP
Cytoplasm_RadialDistribution_MeanFrac_AGP_3of4,Cy.RadDist.MeanFrac.3/4_AGP,X_367,1,AGP
Cytoplasm_RadialDistribution_MeanFrac_ER_2of4,Cy.RadDist.MeanFrac.2/4_ER,X_368,1,ER
Cytoplasm_RadialDistribution_MeanFrac_ER_3of4,Cy.RadDist.MeanFrac.3/4_ER,X_369,1,ER
Cytoplasm_RadialDistribution_MeanFrac_Mito_2of4,Cy.RadDist.MeanFrac.2/4_Mito,X_370,1,Mito
Cytoplasm_RadialDistribution_MeanFrac_Mito_3of4,Cy.RadDist.MeanFrac.3/4_Mito,X_371,1,Mito
Cytoplasm_RadialDistribution_MeanFrac_RNA_2of4,Cy.RadDist.MeanFrac.2/4_RNA,X_372,1,RNA
Cytoplasm_RadialDistribution_MeanFrac_RNA_3of4,Cy.RadDist.MeanFrac.3/4_RNA,X_373,1,RNA
Cytoplasm_RadialDistribution_MeanFrac_mito_tubeness_10of16,Cy.RadDist.MeanFrac.10/16_Mito,X_374,1,Mito
Cytoplasm_RadialDistribution_MeanFrac_mito_tubeness_12of20,Cy.RadDist.MeanFrac.12/20_Mito,X_375,1,Mito
Cytoplasm_RadialDistribution_MeanFrac_mito_tubeness_13of16,Cy.RadDist.MeanFrac.13/16_Mito,X_376,1,Mito
Cytoplasm_RadialDistribution_MeanFrac_mito_tubeness_13of20,Cy.RadDist.MeanFrac.13/20_Mito,X_377,1,Mito
Cytoplasm_RadialDistribution_MeanFrac_mito_tubeness_14of20,Cy.RadDist.MeanFrac.14/20_Mito,X_378,1,Mito
Cytoplasm_RadialDistribution_MeanFrac_mito_tubeness_15of16,Cy.RadDist.MeanFrac.15/16_Mito,X_379,1,Mito
Cytoplasm_RadialDistribution_MeanFrac_mito_tubeness_15of20,Cy.RadDist.MeanFrac.15/20_Mito,X_380,1,Mito
Cytoplasm_RadialDistribution_MeanFrac_mito_tubeness_16of16,Cy.RadDist.MeanFrac.16/16_Mito,X_381,1,Mito
Cytoplasm_RadialDistribution_MeanFrac_mito_tubeness_17of20,Cy.RadDist.MeanFrac.17/20_Mito,X_382,1,Mito
Cytoplasm_RadialDistribution_MeanFrac_mito_tubeness_18of20,Cy.RadDist.MeanFrac.18/20_Mito,X_383,1,Mito
Cytoplasm_RadialDistribution_RadialCV_AGP_1of4,Cy.RadDist.RadialCV.1/4_AGP,X_384,1,AGP
Cytoplasm_RadialDistribution_RadialCV_AGP_2of4,Cy.RadDist.RadialCV.2/4_AGP,X_385,1,AGP
Cytoplasm_RadialDistribution_RadialCV_AGP_3of4,Cy.RadDist.RadialCV.3/4_AGP,X_386,1,AGP
Cytoplasm_RadialDistribution_RadialCV_DNA_1of4,Cy.RadDist.RadialCV.1/4_DNA,X_387,1,DNA
Cytoplasm_RadialDistribution_RadialCV_DNA_2of4,Cy.RadDist.RadialCV.2/4_DNA,X_388,1,DNA
Cytoplasm_RadialDistribution_RadialCV_DNA_4of4,Cy.RadDist.RadialCV.4/4_DNA,X_389,1,DNA
Cytoplasm_RadialDistribution_RadialCV_ER_1of4,Cy.RadDist.RadialCV.1/4_ER,X_390,1,ER
Cytoplasm_RadialDistribution_RadialCV_ER_2of4,Cy.RadDist.RadialCV.2/4_ER,X_391,1,ER
Cytoplasm_RadialDistribution_RadialCV_Mito_1of4,Cy.RadDist.RadialCV.1/4_Mito,X_392,1,Mito
Cytoplasm_RadialDistribution_RadialCV_RNA_1of4,Cy.RadDist.RadialCV.1/4_RNA,X_393,1,RNA
Cytoplasm_RadialDistribution_RadialCV_RNA_2of4,Cy.RadDist.RadialCV.2/4_RNA,X_394,1,RNA
Cytoplasm_RadialDistribution_RadialCV_mito_tubeness_10of16,Cy.RadDist.RadialCV.10/16_Mito,X_395,1,Mito
Cytoplasm_RadialDistribution_RadialCV_mito_tubeness_12of20,Cy.RadDist.RadialCV.12/20_Mito,X_396,1,Mito
Cytoplasm_RadialDistribution_RadialCV_mito_tubeness_13of16,Cy.RadDist.RadialCV.13/16_Mito,X_397,1,Mito
Cytoplasm_RadialDistribution_RadialCV_mito_tubeness_13of20,Cy.RadDist.RadialCV.13/20_Mito,X_398,1,Mito
Cytoplasm_RadialDistribution_RadialCV_mito_tubeness_14of20,Cy.RadDist.RadialCV.14/20_Mito,X_399,1,Mito
Cytoplasm_RadialDistribution_RadialCV_mito_tubeness_20of20,Cy.RadDist.RadialCV.20/20_Mito,X_400,1,Mito
Cytoplasm_Texture_AngularSecondMoment_AGP_10_01_256,Cy.Tex.ASM.10.01.256_AGP,X_401,1,AGP
Cytoplasm_Texture_AngularSecondMoment_ER_10_01_256,Cy.Tex.ASM.10.01.256_ER,X_402,1,ER
Cytoplasm_Texture_AngularSecondMoment_Mito_10_01_256,Cy.Tex.ASM.10.01.256_Mito,X_403,1,Mito
Cytoplasm_Texture_AngularSecondMoment_RNA_10_03_256,Cy.Tex.ASM.10.03.256_RNA,X_404,1,RNA
Cytoplasm_Texture_Contrast_DNA_5_00_256,Cy.Tex.Contrast.5.00.256_DNA,X_405,1,DNA
Cytoplasm_Texture_Contrast_ER_3_00_256,Cy.Tex.Contrast.3.00.256_ER,X_406,1,ER
Cytoplasm_Texture_Contrast_Mito_3_00_256,Cy.Tex.Contrast.3.00.256_Mito,X_407,1,Mito
Cytoplasm_Texture_Contrast_RNA_3_00_256,Cy.Tex.Contrast.3.00.256_RNA,X_408,1,RNA
Cytoplasm_Texture_Correlation_AGP_10_00_256,Cy.Tex.Corr.10.00.256_AGP,X_409,1,AGP
Cytoplasm_Texture_Correlation_AGP_10_01_256,Cy.Tex.Corr.10.01.256_AGP,X_410,1,AGP
Cytoplasm_Texture_Correlation_AGP_10_02_256,Cy.Tex.Corr.10.02.256_AGP,X_411,1,AGP
Cytoplasm_Texture_Correlation_AGP_10_03_256,Cy.Tex.Corr.10.03.256_AGP,X_412,1,AGP
Cytoplasm_Texture_Correlation_AGP_3_00_256,Cy.Tex.Corr.3.00.256_AGP,X_413,1,AGP
Cytoplasm_Texture_Correlation_AGP_3_01_256,Cy.Tex.Corr.3.01.256_AGP,X_414,1,AGP
Cytoplasm_Texture_Correlation_AGP_3_02_256,Cy.Tex.Corr.3.02.256_AGP,X_415,1,AGP
Cytoplasm_Texture_Correlation_AGP_3_03_256,Cy.Tex.Corr.3.03.256_AGP,X_416,1,AGP
Cytoplasm_Texture_Correlation_ER_10_00_256,Cy.Tex.Corr.10.00.256_ER,X_417,1,ER
Cytoplasm_Texture_Correlation_ER_10_02_256,Cy.Tex.Corr.10.02.256_ER,X_418,1,ER
Cytoplasm_Texture_Correlation_ER_5_01_256,Cy.Tex.Corr.5.01.256_ER,X_419,1,ER
Cytoplasm_Texture_Correlation_ER_5_03_256,Cy.Tex.Corr.5.03.256_ER,X_420,1,ER
Cytoplasm_Texture_Correlation_Mito_10_00_256,Cy.Tex.Corr.10.00.256_Mito,X_421,1,Mito
Cytoplasm_Texture_Correlation_Mito_10_01_256,Cy.Tex.Corr.10.01.256_Mito,X_422,1,Mito
Cytoplasm_Texture_Correlation_Mito_10_02_256,Cy.Tex.Corr.10.02.256_Mito,X_423,1,Mito
Cytoplasm_Texture_Correlation_Mito_10_03_256,Cy.Tex.Corr.10.03.256_Mito,X_424,1,Mito
Cytoplasm_Texture_Correlation_Mito_5_02_256,Cy.Tex.Corr.5.02.256_Mito,X_425,1,Mito
Cytoplasm_Texture_Correlation_RNA_10_00_256,Cy.Tex.Corr.10.00.256_RNA,X_426,1,RNA
Cytoplasm_Texture_Correlation_RNA_10_01_256,Cy.Tex.Corr.10.01.256_RNA,X_427,1,RNA
Cytoplasm_Texture_Correlation_RNA_10_02_256,Cy.Tex.Corr.10.02.256_RNA,X_428,1,RNA
Cytoplasm_Texture_Correlation_RNA_10_03_256,Cy.Tex.Corr.10.03.256_RNA,X_429,1,RNA
Cytoplasm_Texture_Correlation_RNA_5_01_256,Cy.Tex.Corr.5.01.256_RNA,X_430,1,RNA
Cytoplasm_Texture_Correlation_RNA_5_03_256,Cy.Tex.Corr.5.03.256_RNA,X_431,1,RNA
Cytoplasm_Texture_DifferenceEntropy_ER_10_01_256,Cy.Tex.DiffEntro.10.01.256_ER,X_432,1,ER
Cytoplasm_Texture_DifferenceEntropy_ER_3_02_256,Cy.Tex.DiffEntro.3.02.256_ER,X_433,1,ER
Cytoplasm_Texture_DifferenceVariance_ER_10_01_256,Cy.Tex.DiffVar.10.01.256_ER,X_434,1,ER
Cytoplasm_Texture_DifferenceVariance_Mito_3_00_256,Cy.Tex.DiffVar.3.00.256_Mito,X_435,1,Mito
Cytoplasm_Texture_Entropy_AGP_10_01_256,Cy.Tex.Entr.10.01.256_AGP,X_436,1,AGP
Cytoplasm_Texture_Entropy_DNA_5_01_256,Cy.Tex.Entr.5.01.256_DNA,X_437,1,DNA
Cytoplasm_Texture_Entropy_ER_10_01_256,Cy.Tex.Entr.10.01.256_ER,X_438,1,ER
Cytoplasm_Texture_Entropy_Mito_10_01_256,Cy.Tex.Entr.10.01.256_Mito,X_439,1,Mito
Cytoplasm_Texture_Entropy_RNA_10_01_256,Cy.Tex.Entr.10.01.256_RNA,X_440,1,RNA
Cytoplasm_Texture_InfoMeas1_AGP_10_00_256,Cy.Tex.InfoMeas1.10.00.256_AGP,X_441,1,AGP
Cytoplasm_Texture_InfoMeas1_AGP_10_02_256,Cy.Tex.InfoMeas1.10.02.256_AGP,X_442,1,AGP
Cytoplasm_Texture_InfoMeas1_AGP_10_03_256,Cy.Tex.InfoMeas1.10.03.256_AGP,X_443,1,AGP
Cytoplasm_Texture_InfoMeas1_AGP_3_01_256,Cy.Tex.InfoMeas1.3.01.256_AGP,X_444,1,AGP
Cytoplasm_Texture_InfoMeas1_AGP_3_02_256,Cy.Tex.InfoMeas1.3.02.256_AGP,X_445,1,AGP
Cytoplasm_Texture_InfoMeas1_AGP_3_03_256,Cy.Tex.InfoMeas1.3.03.256_AGP,X_446,1,AGP
Cytoplasm_Texture_InfoMeas1_AGP_5_01_256,Cy.Tex.InfoMeas1.5.01.256_AGP,X_447,1,AGP
Cytoplasm_Texture_InfoMeas1_AGP_5_03_256,Cy.Tex.InfoMeas1.5.03.256_AGP,X_448,1,AGP
Cytoplasm_Texture_InfoMeas1_DNA_3_00_256,Cy.Tex.InfoMeas1.3.00.256_DNA,X_449,1,DNA
Cytoplasm_Texture_InfoMeas1_DNA_3_01_256,Cy.Tex.InfoMeas1.3.01.256_DNA,X_450,1,DNA
Cytoplasm_Texture_InfoMeas1_DNA_3_02_256,Cy.Tex.InfoMeas1.3.02.256_DNA,X_451,1,DNA
Cytoplasm_Texture_InfoMeas1_DNA_3_03_256,Cy.Tex.InfoMeas1.3.03.256_DNA,X_452,1,DNA
Cytoplasm_Texture_InfoMeas1_DNA_5_00_256,Cy.Tex.InfoMeas1.5.00.256_DNA,X_453,1,DNA
Cytoplasm_Texture_InfoMeas1_DNA_5_01_256,Cy.Tex.InfoMeas1.5.01.256_DNA,X_454,1,DNA
Cytoplasm_Texture_InfoMeas1_DNA_5_02_256,Cy.Tex.InfoMeas1.5.02.256_DNA,X_455,1,DNA
Cytoplasm_Texture_InfoMeas1_DNA_5_03_256,Cy.Tex.InfoMeas1.5.03.256_DNA,X_456,1,DNA
Cytoplasm_Texture_InfoMeas1_ER_10_00_256,Cy.Tex.InfoMeas1.10.00.256_ER,X_457,1,ER
Cytoplasm_Texture_InfoMeas1_ER_10_02_256,Cy.Tex.InfoMeas1.10.02.256_ER,X_458,1,ER
Cytoplasm_Texture_InfoMeas1_ER_10_03_256,Cy.Tex.InfoMeas1.10.03.256_ER,X_459,1,ER
Cytoplasm_Texture_InfoMeas1_ER_5_01_256,Cy.Tex.InfoMeas1.5.01.256_ER,X_460,1,ER
Cytoplasm_Texture_InfoMeas1_ER_5_02_256,Cy.Tex.InfoMeas1.5.02.256_ER,X_461,1,ER
Cytoplasm_Texture_InfoMeas1_Mito_10_00_256,Cy.Tex.InfoMeas1.10.00.256_Mito,X_462,1,Mito
Cytoplasm_Texture_InfoMeas1_Mito_10_03_256,Cy.Tex.InfoMeas1.10.03.256_Mito,X_463,1,Mito
Cytoplasm_Texture_InfoMeas1_Mito_3_02_256,Cy.Tex.InfoMeas1.3.02.256_Mito,X_464,1,Mito
Cytoplasm_Texture_InfoMeas1_Mito_5_01_256,Cy.Tex.InfoMeas1.5.01.256_Mito,X_465,1,Mito
Cytoplasm_Texture_InfoMeas1_RNA_10_00_256,Cy.Tex.InfoMeas1.10.00.256_RNA,X_466,1,RNA
Cytoplasm_Texture_InfoMeas1_RNA_10_03_256,Cy.Tex.InfoMeas1.10.03.256_RNA,X_467,1,RNA
Cytoplasm_Texture_InfoMeas1_RNA_3_00_256,Cy.Tex.InfoMeas1.3.00.256_RNA,X_468,1,RNA
Cytoplasm_Texture_InfoMeas1_RNA_5_01_256,Cy.Tex.InfoMeas1.5.01.256_RNA,X_469,1,RNA
Cytoplasm_Texture_InfoMeas2_AGP_3_02_256,Cy.Tex.InfoMeas2.3.02.256_AGP,X_470,1,AGP
Cytoplasm_Texture_InfoMeas2_DNA_3_02_256,Cy.Tex.InfoMeas2.3.02.256_DNA,X_471,1,DNA
Cytoplasm_Texture_InfoMeas2_ER_10_03_256,Cy.Tex.InfoMeas2.10.03.256_ER,X_472,1,ER
Cytoplasm_Texture_InfoMeas2_ER_3_01_256,Cy.Tex.InfoMeas2.3.01.256_ER,X_473,1,ER
Cytoplasm_Texture_InfoMeas2_Mito_3_01_256,Cy.Tex.InfoMeas2.3.01.256_Mito,X_474,1,Mito
Cytoplasm_Texture_InfoMeas2_RNA_3_00_256,Cy.Tex.InfoMeas2.3.00.256_RNA,X_475,1,RNA
Cytoplasm_Texture_InverseDifferenceMoment_ER_3_02_256,Cy.Tex.IDM.3.02.256_ER,X_476,1,ER
Nuclei_AreaShape_BoundingBoxArea,Nu.AS.BoundingBoxArea,X_477,1,Others
Nuclei_AreaShape_Compactness,Nu.AS.Compactness,X_478,1,Others
Nuclei_AreaShape_Eccentricity,Nu.AS.Eccentricity,X_479,1,Others
Nuclei_AreaShape_FormFactor,Nu.AS.FormFactor,X_480,1,Others
Nuclei_AreaShape_MinFeretDiameter,Nu.AS.MinFeretDiameter,X_481,1,Others
Nuclei_AreaShape_Orientation,Nu.AS.Orientation,X_482,1,Others
Nuclei_AreaShape_Zernike_0_0,Nu.AS.Zernike.0.0,X_483,1,Others
Nuclei_AreaShape_Zernike_1_1,Nu.AS.Zernike.1.1,X_484,1,Others
Nuclei_AreaShape_Zernike_2_0,Nu.AS.Zernike.2.0,X_485,1,Others
Nuclei_AreaShape_Zernike_2_2,Nu.AS.Zernike.2.2,X_486,1,Others
Nuclei_AreaShape_Zernike_3_1,Nu.AS.Zernike.3.1,X_487,1,Others
Nuclei_AreaShape_Zernike_3_3,Nu.AS.Zernike.3.3,X_488,1,Others
Nuclei_AreaShape_Zernike_4_0,Nu.AS.Zernike.4.0,X_489,1,Others
Nuclei_AreaShape_Zernike_4_2,Nu.AS.Zernike.4.2,X_490,1,Others
Nuclei_AreaShape_Zernike_4_4,Nu.AS.Zernike.4.4,X_491,1,Others
Nuclei_AreaShape_Zernike_5_1,Nu.AS.Zernike.5.1,X_492,1,Others
Nuclei_AreaShape_Zernike_5_3,Nu.AS.Zernike.5.3,X_493,1,Others
Nuclei_AreaShape_Zernike_5_5,Nu.AS.Zernike.5.5,X_494,1,Others
Nuclei_AreaShape_Zernike_6_0,Nu.AS.Zernike.6.0,X_495,1,Others
Nuclei_AreaShape_Zernike_6_2,Nu.AS.Zernike.6.2,X_496,1,Others
Nuclei_AreaShape_Zernike_6_4,Nu.AS.Zernike.6.4,X_497,1,Others
Nuclei_AreaShape_Zernike_6_6,Nu.AS.Zernike.6.6,X_498,1,Others
Nuclei_AreaShape_Zernike_7_1,Nu.AS.Zernike.7.1,X_499,1,Others
Nuclei_AreaShape_Zernike_7_3,Nu.AS.Zernike.7.3,X_500,1,Others
Nuclei_AreaShape_Zernike_7_5,Nu.AS.Zernike.7.5,X_501,1,Others
Nuclei_AreaShape_Zernike_7_7,Nu.AS.Zernike.7.7,X_502,1,Others
Nuclei_AreaShape_Zernike_8_0,Nu.AS.Zernike.8.0,X_503,1,Others
Nuclei_AreaShape_Zernike_8_2,Nu.AS.Zernike.8.2,X_504,1,Others
Nuclei_AreaShape_Zernike_8_4,Nu.AS.Zernike.8.4,X_505,1,Others
Nuclei_AreaShape_Zernike_8_6,Nu.AS.Zernike.8.6,X_506,1,Others
Nuclei_AreaShape_Zernike_9_1,Nu.AS.Zernike.9.1,X_507,1,Others
Nuclei_AreaShape_Zernike_9_3,Nu.AS.Zernike.9.3,X_508,1,Others
Nuclei_AreaShape_Zernike_9_5,Nu.AS.Zernike.9.5,X_509,1,Others
Nuclei_AreaShape_Zernike_9_7,Nu.AS.Zernike.9.7,X_510,1,Others
Nuclei_AreaShape_Zernike_9_9,Nu.AS.Zernike.9.9,X_511,1,Others
Nuclei_Correlation_Correlation_AGP_DNA,Nu.Corr.AGP.DNA,X_512,1,Others
Nuclei_Correlation_Correlation_AGP_ER,Nu.Corr.AGP.ER,X_513,1,Others
Nuclei_Correlation_Correlation_AGP_Mito,Nu.Corr.AGP.Mito,X_514,1,Others
Nuclei_Correlation_Correlation_AGP_RNA,Nu.Corr.AGP.RNA,X_515,1,Others
Nuclei_Correlation_Correlation_DNA_ER,Nu.Corr.DNA.ER,X_516,1,Others
Nuclei_Correlation_Correlation_DNA_Mito,Nu.Corr.DNA.Mito,X_517,1,Others
Nuclei_Correlation_Correlation_DNA_RNA,Nu.Corr.DNA.RNA,X_518,1,Others
Nuclei_Correlation_Correlation_ER_Mito,Nu.Corr.ER.Mito,X_519,1,Others
Nuclei_Correlation_Correlation_ER_RNA,Nu.Corr.ER.RNA,X_520,1,Others
Nuclei_Correlation_Correlation_Mito_RNA,Nu.Corr.Mito.RNA,X_521,1,Others
Nuclei_Correlation_K_AGP_ER,Nu.Corr.K.AGP.ER,X_522,1,Others
Nuclei_Correlation_K_AGP_Mito,Nu.Corr.K.AGP.Mito,X_523,1,Others
Nuclei_Correlation_K_AGP_RNA,Nu.Corr.K.AGP.RNA,X_524,1,Others
Nuclei_Correlation_K_ER_RNA,Nu.Corr.K.ER.RNA,X_525,1,Others
Nuclei_Correlation_K_Mito_AGP,Nu.Corr.K.Mito.AGP,X_526,1,Others
Nuclei_Correlation_K_Mito_RNA,Nu.Corr.K.Mito.RNA,X_527,1,Others
Nuclei_Correlation_K_RNA_AGP,Nu.Corr.K.RNA.AGP,X_528,1,Others
Nuclei_Correlation_K_RNA_ER,Nu.Corr.K.RNA.ER,X_529,1,Others
Nuclei_Correlation_K_RNA_Mito,Nu.Corr.K.RNA.Mito,X_530,1,Others
Nuclei_Granularity_10_ER,Nu.Granu.10_ER,X_531,1,ER
Nuclei_Granularity_10_Mito,Nu.Granu.10_Mito,X_532,1,Mito
Nuclei_Granularity_10_RNA,Nu.Granu.10_RNA,X_533,1,RNA
Nuclei_Granularity_11_DNA,Nu.Granu.11_DNA,X_534,1,DNA
Nuclei_Granularity_11_ER,Nu.Granu.11_ER,X_535,1,ER
Nuclei_Granularity_11_Mito,Nu.Granu.11_Mito,X_536,1,Mito
Nuclei_Granularity_11_RNA,Nu.Granu.11_RNA,X_537,1,RNA
Nuclei_Granularity_12_DNA,Nu.Granu.12_DNA,X_538,1,DNA
Nuclei_Granularity_12_ER,Nu.Granu.12_ER,X_539,1,ER
Nuclei_Granularity_12_Mito,Nu.Granu.12_Mito,X_540,1,Mito
Nuclei_Granularity_12_RNA,Nu.Granu.12_RNA,X_541,1,RNA
Nuclei_Granularity_13_DNA,Nu.Granu.13_DNA,X_542,1,DNA
Nuclei_Granularity_13_ER,Nu.Granu.13_ER,X_543,1,ER
Nuclei_Granularity_13_Mito,Nu.Granu.13_Mito,X_544,1,Mito
Nuclei_Granularity_13_RNA,Nu.Granu.13_RNA,X_545,1,RNA
Nuclei_Granularity_1_AGP,Nu.Granu.1_AGP,X_546,1,AGP
Nuclei_Granularity_1_DNA,Nu.Granu.1_DNA,X_547,1,DNA
Nuclei_Granularity_1_Mito,Nu.Granu.1_Mito,X_548,1,Mito
Nuclei_Granularity_2_AGP,Nu.Granu.2_AGP,X_549,1,AGP
Nuclei_Granularity_2_DNA,Nu.Granu.2_DNA,X_550,1,DNA
Nuclei_Granularity_2_ER,Nu.Granu.2_ER,X_551,1,ER
Nuclei_Granularity_2_Mito,Nu.Granu.2_Mito,X_552,1,Mito
Nuclei_Granularity_2_RNA,Nu.Granu.2_RNA,X_553,1,RNA
Nuclei_Granularity_3_AGP,Nu.Granu.3_AGP,X_554,1,AGP
Nuclei_Granularity_3_DNA,Nu.Granu.3_DNA,X_555,1,DNA
Nuclei_Granularity_3_ER,Nu.Granu.3_ER,X_556,1,ER
Nuclei_Granularity_3_Mito,Nu.Granu.3_Mito,X_557,1,Mito
Nuclei_Granularity_3_RNA,Nu.Granu.3_RNA,X_558,1,RNA
Nuclei_Granularity_4_AGP,Nu.Granu.4_AGP,X_559,1,AGP
Nuclei_Granularity_4_DNA,Nu.Granu.4_DNA,X_560,1,DNA
Nuclei_Granularity_4_ER,Nu.Granu.4_ER,X_561,1,ER
Nuclei_Granularity_4_Mito,Nu.Granu.4_Mito,X_562,1,Mito
Nuclei_Granularity_4_RNA,Nu.Granu.4_RNA,X_563,1,RNA
Nuclei_Granularity_5_AGP,Nu.Granu.5_AGP,X_564,1,AGP
Nuclei_Granularity_5_DNA,Nu.Granu.5_DNA,X_565,1,DNA
Nuclei_Granularity_5_ER,Nu.Granu.5_ER,X_566,1,ER
Nuclei_Granularity_5_Mito,Nu.Granu.5_Mito,X_567,1,Mito
Nuclei_Granularity_5_RNA,Nu.Granu.5_RNA,X_568,1,RNA
Nuclei_Granularity_6_AGP,Nu.Granu.6_AGP,X_569,1,AGP
Nuclei_Granularity_6_DNA,Nu.Granu.6_DNA,X_570,1,DNA
Nuclei_Granularity_6_ER,Nu.Granu.6_ER,X_571,1,ER
Nuclei_Granularity_6_Mito,Nu.Granu.6_Mito,X_572,1,Mito
Nuclei_Granularity_6_RNA,Nu.Granu.6_RNA,X_573,1,RNA
Nuclei_Granularity_7_AGP,Nu.Granu.7_AGP,X_574,1,AGP
Nuclei_Granularity_7_ER,Nu.Granu.7_ER,X_575,1,ER
Nuclei_Granularity_7_Mito,Nu.Granu.7_Mito,X_576,1,Mito
Nuclei_Granularity_7_RNA,Nu.Granu.7_RNA,X_577,1,RNA
Nuclei_Granularity_8_ER,Nu.Granu.8_ER,X_578,1,ER
Nuclei_Granularity_8_Mito,Nu.Granu.8_Mito,X_579,1,Mito
Nuclei_Granularity_8_RNA,Nu.Granu.8_RNA,X_580,1,RNA
Nuclei_Granularity_9_Mito,Nu.Granu.9_Mito,X_581,1,Mito
Nuclei_Granularity_9_RNA,Nu.Granu.9_RNA,X_582,1,RNA
Nuclei_Intensity_IntegratedIntensityEdge_DNA,Nu.Intens.IntegEdge_DNA,X_583,1,DNA
Nuclei_Intensity_IntegratedIntensityEdge_ER,Nu.Intens.IntegEdge_ER,X_584,1,ER
Nuclei_Intensity_IntegratedIntensity_AGP,Nu.Intens.Integ_AGP,X_585,1,AGP
Nuclei_Intensity_IntegratedIntensity_DNA,Nu.Intens.Integ_DNA,X_586,1,DNA
Nuclei_Intensity_IntegratedIntensity_ER,Nu.Intens.Integ_ER,X_587,1,ER
Nuclei_Intensity_IntegratedIntensity_RNA,Nu.Intens.Integ_RNA,X_588,1,RNA
Nuclei_Intensity_LowerQuartileIntensity_AGP,Nu.Intens.LowerQuart_AGP,X_589,1,AGP
Nuclei_Intensity_LowerQuartileIntensity_DNA,Nu.Intens.LowerQuart_DNA,X_590,1,DNA
Nuclei_Intensity_MassDisplacement_AGP,Nu.Intens.MassDisp_AGP,X_591,1,AGP
Nuclei_Intensity_MassDisplacement_DNA,Nu.Intens.MassDisp_DNA,X_592,1,DNA
Nuclei_Intensity_MassDisplacement_ER,Nu.Intens.MassDisp_ER,X_593,1,ER
Nuclei_Intensity_MassDisplacement_Mito,Nu.Intens.MassDisp_Mito,X_594,1,Mito
Nuclei_Intensity_MassDisplacement_RNA,Nu.Intens.MassDisp_RNA,X_595,1,RNA
Nuclei_Intensity_MaxIntensityEdge_DNA,Nu.Intens.MaxEdge_DNA,X_596,1,DNA
Nuclei_Intensity_MeanIntensityEdge_DNA,Nu.Intens.MeanEdge_DNA,X_597,1,DNA
Nuclei_Intensity_MinIntensityEdge_DNA,Nu.Intens.MinityEdge_DNA,X_598,1,DNA
Nuclei_Intensity_MinIntensityEdge_ER,Nu.Intens.MinityEdge_ER,X_599,1,ER
Nuclei_Intensity_MinIntensity_AGP,Nu.Intens.Min_AGP,X_600,1,AGP
Nuclei_Intensity_MinIntensity_Mito,Nu.Intens.Min_Mito,X_601,1,Mito
Nuclei_Intensity_MinIntensity_RNA,Nu.Intens.Min_RNA,X_602,1,RNA
Nuclei_Intensity_StdIntensityEdge_ER,Nu.Intens.StdEdge_ER,X_603,1,ER
Nuclei_Intensity_StdIntensityEdge_RNA,Nu.Intens.StdEdge_RNA,X_604,1,RNA
Nuclei_Location_MaxIntensity_X_DNA,Nu.Location_MaxIntens.X_DNA,X_605,1,DNA
Nuclei_Neighbors_FirstClosestObjectNumber_1,Nu.Neigh.1stClosestObjNum.1,X_606,1,Others
Nuclei_ObjectSkeleton_NumberNonTrunkBranches_mito_skel,Nu.ObSkel.NonTrunkBr.Skel_Mito,X_607,1,Mito
Nuclei_ObjectSkeleton_NumberTrunks_mito_skel,Nu.ObSkel.Trunks.Skel_Mito,X_608,1,Mito
Nuclei_RadialDistribution_FracAtD_AGP_1of4,Nu.RadDist.FracAtD.1/4_AGP,X_609,1,AGP
Nuclei_RadialDistribution_FracAtD_AGP_4of4,Nu.RadDist.FracAtD.4/4_AGP,X_610,1,AGP
Nuclei_RadialDistribution_FracAtD_DNA_1of4,Nu.RadDist.FracAtD.1/4_DNA,X_611,1,DNA
Nuclei_RadialDistribution_FracAtD_DNA_4of4,Nu.RadDist.FracAtD.4/4_DNA,X_612,1,DNA
Nuclei_RadialDistribution_FracAtD_ER_1of4,Nu.RadDist.FracAtD.1/4_ER,X_613,1,ER
Nuclei_RadialDistribution_FracAtD_ER_4of4,Nu.RadDist.FracAtD.4/4_ER,X_614,1,ER
Nuclei_RadialDistribution_FracAtD_Mito_1of4,Nu.RadDist.FracAtD.1/4_Mito,X_615,1,Mito
Nuclei_RadialDistribution_FracAtD_Mito_4of4,Nu.RadDist.FracAtD.4/4_Mito,X_616,1,Mito
Nuclei_RadialDistribution_FracAtD_RNA_4of4,Nu.RadDist.FracAtD.4/4_RNA,X_617,1,RNA
Nuclei_RadialDistribution_MeanFrac_AGP_1of4,Nu.RadDist.MeanFrac.1/4_AGP,X_618,1,AGP
Nuclei_RadialDistribution_MeanFrac_AGP_4of4,Nu.RadDist.MeanFrac.4/4_AGP,X_619,1,AGP
Nuclei_RadialDistribution_MeanFrac_DNA_1of4,Nu.RadDist.MeanFrac.1/4_DNA,X_620,1,DNA
Nuclei_RadialDistribution_MeanFrac_DNA_4of4,Nu.RadDist.MeanFrac.4/4_DNA,X_621,1,DNA
Nuclei_RadialDistribution_MeanFrac_ER_1of4,Nu.RadDist.MeanFrac.1/4_ER,X_622,1,ER
Nuclei_RadialDistribution_MeanFrac_ER_4of4,Nu.RadDist.MeanFrac.4/4_ER,X_623,1,ER
Nuclei_RadialDistribution_MeanFrac_Mito_1of4,Nu.RadDist.MeanFrac.1/4_Mito,X_624,1,Mito
Nuclei_RadialDistribution_MeanFrac_RNA_1of4,Nu.RadDist.MeanFrac.1/4_RNA,X_625,1,RNA
Nuclei_RadialDistribution_MeanFrac_RNA_4of4,Nu.RadDist.MeanFrac.4/4_RNA,X_626,1,RNA
Nuclei_RadialDistribution_RadialCV_AGP_1of4,Nu.RadDist.RadialCV.1/4_AGP,X_627,1,AGP
Nuclei_RadialDistribution_RadialCV_AGP_2of4,Nu.RadDist.RadialCV.2/4_AGP,X_628,1,AGP
Nuclei_RadialDistribution_RadialCV_AGP_3of4,Nu.RadDist.RadialCV.3/4_AGP,X_629,1,AGP
Nuclei_RadialDistribution_RadialCV_AGP_4of4,Nu.RadDist.RadialCV.4/4_AGP,X_630,1,AGP
Nuclei_RadialDistribution_RadialCV_DNA_1of4,Nu.RadDist.RadialCV.1/4_DNA,X_631,1,DNA
Nuclei_RadialDistribution_RadialCV_DNA_2of4,Nu.RadDist.RadialCV.2/4_DNA,X_632,1,DNA
Nuclei_RadialDistribution_RadialCV_DNA_3of4,Nu.RadDist.RadialCV.3/4_DNA,X_633,1,DNA
Nuclei_RadialDistribution_RadialCV_DNA_4of4,Nu.RadDist.RadialCV.4/4_DNA,X_634,1,DNA
Nuclei_RadialDistribution_RadialCV_ER_1of4,Nu.RadDist.RadialCV.1/4_ER,X_635,1,ER
Nuclei_RadialDistribution_RadialCV_ER_2of4,Nu.RadDist.RadialCV.2/4_ER,X_636,1,ER
Nuclei_RadialDistribution_RadialCV_ER_3of4,Nu.RadDist.RadialCV.3/4_ER,X_637,1,ER
Nuclei_RadialDistribution_RadialCV_ER_4of4,Nu.RadDist.RadialCV.4/4_ER,X_638,1,ER
Nuclei_RadialDistribution_RadialCV_Mito_1of4,Nu.RadDist.RadialCV.1/4_Mito,X_639,1,Mito
Nuclei_RadialDistribution_RadialCV_Mito_2of4,Nu.RadDist.RadialCV.2/4_Mito,X_640,1,Mito
Nuclei_RadialDistribution_RadialCV_Mito_3of4,Nu.RadDist.RadialCV.3/4_Mito,X_641,1,Mito
Nuclei_RadialDistribution_RadialCV_RNA_1of4,Nu.RadDist.RadialCV.1/4_RNA,X_642,1,RNA
Nuclei_RadialDistribution_RadialCV_RNA_2of4,Nu.RadDist.RadialCV.2/4_RNA,X_643,1,RNA
Nuclei_RadialDistribution_RadialCV_RNA_3of4,Nu.RadDist.RadialCV.3/4_RNA,X_644,1,RNA
Nuclei_RadialDistribution_RadialCV_RNA_4of4,Nu.RadDist.RadialCV.4/4_RNA,X_645,1,RNA
Nuclei_Texture_AngularSecondMoment_AGP_10_03_256,Nu.Tex.ASM.10.03.256_AGP,X_646,1,AGP
Nuclei_Texture_AngularSecondMoment_DNA_10_01_256,Nu.Tex.ASM.10.01.256_DNA,X_647,1,DNA
Nuclei_Texture_AngularSecondMoment_DNA_10_02_256,Nu.Tex.ASM.10.02.256_DNA,X_648,1,DNA
Nuclei_Texture_AngularSecondMoment_DNA_10_03_256,Nu.Tex.ASM.10.03.256_DNA,X_649,1,DNA
Nuclei_Texture_AngularSecondMoment_ER_10_03_256,Nu.Tex.ASM.10.03.256_ER,X_650,1,ER
Nuclei_Texture_AngularSecondMoment_Mito_10_03_256,Nu.Tex.ASM.10.03.256_Mito,X_651,1,Mito
Nuclei_Texture_AngularSecondMoment_RNA_10_03_256,Nu.Tex.ASM.10.03.256_RNA,X_652,1,RNA
Nuclei_Texture_Contrast_DNA_5_02_256,Nu.Tex.Contrast.5.02.256_DNA,X_653,1,DNA
Nuclei_Texture_Contrast_ER_3_02_256,Nu.Tex.Contrast.3.02.256_ER,X_654,1,ER
Nuclei_Texture_Contrast_Mito_3_02_256,Nu.Tex.Contrast.3.02.256_Mito,X_655,1,Mito
Nuclei_Texture_Contrast_RNA_3_02_256,Nu.Tex.Contrast.3.02.256_RNA,X_656,1,RNA
Nuclei_Texture_Correlation_AGP_10_00_256,Nu.Tex.Corr.10.00.256_AGP,X_657,1,AGP
Nuclei_Texture_Correlation_AGP_10_01_256,Nu.Tex.Corr.10.01.256_AGP,X_658,1,AGP
Nuclei_Texture_Correlation_AGP_10_02_256,Nu.Tex.Corr.10.02.256_AGP,X_659,1,AGP
Nuclei_Texture_Correlation_AGP_10_03_256,Nu.Tex.Corr.10.03.256_AGP,X_660,1,AGP
Nuclei_Texture_Correlation_AGP_3_00_256,Nu.Tex.Corr.3.00.256_AGP,X_661,1,AGP
Nuclei_Texture_Correlation_AGP_3_01_256,Nu.Tex.Corr.3.01.256_AGP,X_662,1,AGP
Nuclei_Texture_Correlation_AGP_3_02_256,Nu.Tex.Corr.3.02.256_AGP,X_663,1,AGP
Nuclei_Texture_Correlation_AGP_3_03_256,Nu.Tex.Corr.3.03.256_AGP,X_664,1,AGP
Nuclei_Texture_Correlation_AGP_5_00_256,Nu.Tex.Corr.5.00.256_AGP,X_665,1,AGP
Nuclei_Texture_Correlation_AGP_5_01_256,Nu.Tex.Corr.5.01.256_AGP,X_666,1,AGP
Nuclei_Texture_Correlation_AGP_5_02_256,Nu.Tex.Corr.5.02.256_AGP,X_667,1,AGP
Nuclei_Texture_Correlation_AGP_5_03_256,Nu.Tex.Corr.5.03.256_AGP,X_668,1,AGP
Nuclei_Texture_Correlation_DNA_10_00_256,Nu.Tex.Corr.10.00.256_DNA,X_669,1,DNA
Nuclei_Texture_Correlation_DNA_10_01_256,Nu.Tex.Corr.10.01.256_DNA,X_670,1,DNA
Nuclei_Texture_Correlation_DNA_10_02_256,Nu.Tex.Corr.10.02.256_DNA,X_671,1,DNA
Nuclei_Texture_Correlation_DNA_10_03_256,Nu.Tex.Corr.10.03.256_DNA,X_672,1,DNA
Nuclei_Texture_Correlation_DNA_3_00_256,Nu.Tex.Corr.3.00.256_DNA,X_673,1,DNA
Nuclei_Texture_Correlation_DNA_5_01_256,Nu.Tex.Corr.5.01.256_DNA,X_674,1,DNA
Nuclei_Texture_Correlation_DNA_5_03_256,Nu.Tex.Corr.5.03.256_DNA,X_675,1,DNA
Nuclei_Texture_Correlation_ER_10_00_256,Nu.Tex.Corr.10.00.256_ER,X_676,1,ER
Nuclei_Texture_Correlation_ER_10_01_256,Nu.Tex.Corr.10.01.256_ER,X_677,1,ER
Nuclei_Texture_Correlation_ER_10_02_256,Nu.Tex.Corr.10.02.256_ER,X_678,1,ER
Nuclei_Texture_Correlation_ER_10_03_256,Nu.Tex.Corr.10.03.256_ER,X_679,1,ER
Nuclei_Texture_Correlation_ER_5_00_256,Nu.Tex.Corr.5.00.256_ER,X_680,1,ER
Nuclei_Texture_Correlation_ER_5_01_256,Nu.Tex.Corr.5.01.256_ER,X_681,1,ER
Nuclei_Texture_Correlation_ER_5_02_256,Nu.Tex.Corr.5.02.256_ER,X_682,1,ER
Nuclei_Texture_Correlation_ER_5_03_256,Nu.Tex.Corr.5.03.256_ER,X_683,1,ER
Nuclei_Texture_Correlation_Mito_10_00_256,Nu.Tex.Corr.10.00.256_Mito,X_684,1,Mito
Nuclei_Texture_Correlation_Mito_10_01_256,Nu.Tex.Corr.10.01.256_Mito,X_685,1,Mito
Nuclei_Texture_Correlation_Mito_10_02_256,Nu.Tex.Corr.10.02.256_Mito,X_686,1,Mito
Nuclei_Texture_Correlation_Mito_10_03_256,Nu.Tex.Corr.10.03.256_Mito,X_687,1,Mito
Nuclei_Texture_Correlation_Mito_5_00_256,Nu.Tex.Corr.5.00.256_Mito,X_688,1,Mito
Nuclei_Texture_Correlation_Mito_5_01_256,Nu.Tex.Corr.5.01.256_Mito,X_689,1,Mito
Nuclei_Texture_Correlation_Mito_5_02_256,Nu.Tex.Corr.5.02.256_Mito,X_690,1,Mito
Nuclei_Texture_Correlation_Mito_5_03_256,Nu.Tex.Corr.5.03.256_Mito,X_691,1,Mito
Nuclei_Texture_Correlation_RNA_10_00_256,Nu.Tex.Corr.10.00.256_RNA,X_692,1,RNA
Nuclei_Texture_Correlation_RNA_10_01_256,Nu.Tex.Corr.10.01.256_RNA,X_693,1,RNA
Nuclei_Texture_Correlation_RNA_10_02_256,Nu.Tex.Corr.10.02.256_RNA,X_694,1,RNA
Nuclei_Texture_Correlation_RNA_10_03_256,Nu.Tex.Corr.10.03.256_RNA,X_695,1,RNA
Nuclei_Texture_Correlation_RNA_5_00_256,Nu.Tex.Corr.5.00.256_RNA,X_696,1,RNA
Nuclei_Texture_Correlation_RNA_5_01_256,Nu.Tex.Corr.5.01.256_RNA,X_697,1,RNA
Nuclei_Texture_Correlation_RNA_5_02_256,Nu.Tex.Corr.5.02.256_RNA,X_698,1,RNA
Nuclei_Texture_Correlation_RNA_5_03_256,Nu.Tex.Corr.5.03.256_RNA,X_699,1,RNA
Nuclei_Texture_DifferenceEntropy_ER_3_02_256,Nu.Tex.DiffEntro.3.02.256_ER,X_700,1,ER
Nuclei_Texture_DifferenceVariance_ER_3_02_256,Nu.Tex.DiffVar.3.02.256_ER,X_701,1,ER
Nuclei_Texture_Entropy_AGP_10_03_256,Nu.Tex.Entr.10.03.256_AGP,X_702,1,AGP
Nuclei_Texture_Entropy_DNA_10_00_256,Nu.Tex.Entr.10.00.256_DNA,X_703,1,DNA
Nuclei_Texture_Entropy_ER_10_03_256,Nu.Tex.Entr.10.03.256_ER,X_704,1,ER
Nuclei_Texture_Entropy_Mito_10_03_256,Nu.Tex.Entr.10.03.256_Mito,X_705,1,Mito
Nuclei_Texture_Entropy_RNA_10_01_256,Nu.Tex.Entr.10.01.256_RNA,X_706,1,RNA
Nuclei_Texture_InfoMeas1_AGP_10_01_256,Nu.Tex.InfoMeas1.10.01.256_AGP,X_707,1,AGP
Nuclei_Texture_InfoMeas1_AGP_10_02_256,Nu.Tex.InfoMeas1.10.02.256_AGP,X_708,1,AGP
Nuclei_Texture_InfoMeas1_AGP_10_03_256,Nu.Tex.InfoMeas1.10.03.256_AGP,X_709,1,AGP
Nuclei_Texture_InfoMeas1_AGP_3_00_256,Nu.Tex.InfoMeas1.3.00.256_AGP,X_710,1,AGP
Nuclei_Texture_InfoMeas1_AGP_3_01_256,Nu.Tex.InfoMeas1.3.01.256_AGP,X_711,1,AGP
Nuclei_Texture_InfoMeas1_AGP_3_02_256,Nu.Tex.InfoMeas1.3.02.256_AGP,X_712,1,AGP
Nuclei_Texture_InfoMeas1_AGP_3_03_256,Nu.Tex.InfoMeas1.3.03.256_AGP,X_713,1,AGP
Nuclei_Texture_InfoMeas1_AGP_5_01_256,Nu.Tex.InfoMeas1.5.01.256_AGP,X_714,1,AGP
Nuclei_Texture_InfoMeas1_AGP_5_03_256,Nu.Tex.InfoMeas1.5.03.256_AGP,X_715,1,AGP
Nuclei_Texture_InfoMeas1_DNA_10_02_256,Nu.Tex.InfoMeas1.10.02.256_DNA,X_716,1,DNA
Nuclei_Texture_InfoMeas1_DNA_3_02_256,Nu.Tex.InfoMeas1.3.02.256_DNA,X_717,1,DNA
Nuclei_Texture_InfoMeas1_DNA_5_03_256,Nu.Tex.InfoMeas1.5.03.256_DNA,X_718,1,DNA
Nuclei_Texture_InfoMeas1_ER_10_01_256,Nu.Tex.InfoMeas1.10.01.256_ER,X_719,1,ER
Nuclei_Texture_InfoMeas1_ER_3_02_256,Nu.Tex.InfoMeas1.3.02.256_ER,X_720,1,ER
Nuclei_Texture_InfoMeas1_Mito_10_03_256,Nu.Tex.InfoMeas1.10.03.256_Mito,X_721,1,Mito
Nuclei_Texture_InfoMeas1_Mito_3_00_256,Nu.Tex.InfoMeas1.3.00.256_Mito,X_722,1,Mito
Nuclei_Texture_InfoMeas1_RNA_10_01_256,Nu.Tex.InfoMeas1.10.01.256_RNA,X_723,1,RNA
Nuclei_Texture_InfoMeas1_RNA_3_00_256,Nu.Tex.InfoMeas1.3.00.256_RNA,X_724,1,RNA
Nuclei_Texture_InfoMeas1_RNA_3_02_256,Nu.Tex.InfoMeas1.3.02.256_RNA,X_725,1,RNA
Nuclei_Texture_InfoMeas1_RNA_5_01_256,Nu.Tex.InfoMeas1.5.01.256_RNA,X_726,1,RNA
Nuclei_Texture_InfoMeas2_AGP_10_01_256,Nu.Tex.InfoMeas2.10.01.256_AGP,X_727,1,AGP
Nuclei_Texture_InfoMeas2_AGP_3_00_256,Nu.Tex.InfoMeas2.3.00.256_AGP,X_728,1,AGP
Nuclei_Texture_InfoMeas2_AGP_3_02_256,Nu.Tex.InfoMeas2.3.02.256_AGP,X_729,1,AGP
Nuclei_Texture_InfoMeas2_DNA_10_02_256,Nu.Tex.InfoMeas2.10.02.256_DNA,X_730,1,DNA
Nuclei_Texture_InfoMeas2_DNA_3_02_256,Nu.Tex.InfoMeas2.3.02.256_DNA,X_731,1,DNA
Nuclei_Texture_InfoMeas2_ER_3_00_256,Nu.Tex.InfoMeas2.3.00.256_ER,X_732,1,ER
Nuclei_Texture_InfoMeas2_Mito_3_00_256,Nu.Tex.InfoMeas2.3.00.256_Mito,X_733,1,Mito
Nuclei_Texture_InfoMeas2_RNA_10_01_256,Nu.Tex.InfoMeas2.10.01.256_RNA,X_734,1,RNA
Nuclei_Texture_InfoMeas2_RNA_3_01_256,Nu.Tex.InfoMeas2.3.01.256_RNA,X_735,1,RNA
Nuclei_Texture_SumVariance_AGP_5_02_256,Nu.Tex.SumVar.5.02.256_AGP,X_736,1,AGP
Nuclei_Texture_SumVariance_ER_5_02_256,Nu.Tex.SumVar.5.02.256_ER,X_737,1,ER
